,field,full_field_name
0,indx,index
1,objctd,OBJECTID
2,ctgry,Category
3,dCtgry,d_Category
4,ownTyp,Own_Type
5,dOwnTyp,d_Own_Type
6,ownNm,Own_Name
7,dOwnNm,d_Own_Name
8,lcOwn,Loc_Own
9,mngTyp,Mang_Type
10,dMngTyp,d_Mang_Type
11,mngNm,Mang_Name
12,dMngNm,d_Mang_Name
13,lcMng,Loc_Mang
14,dsTp,Des_Tp
15,dDsTp,d_Des_Tp
16,lcDs,Loc_Ds
17,untNm,Unit_Nm
18,lcNm,Loc_Nm
19,sttNm,State_Nm
20,dSttNm,d_State_Nm
21,aggSrc,Agg_Src
22,gsSrc,GIS_Src
23,srcDt,Src_Date
24,gsAcrs,GIS_Acres
25,srcPd,Source_PAID
26,wdpCd,WDPA_Cd
27,pbAccss,Pub_Access
28,dAccss,d_Access
29,accssSrc,Access_Src
30,accssDt,Access_Dt
31,gpSts,GAP_Sts
32,dGpSts,d_GAP_Sts
33,gpcdsrc,GAPCdSrc
34,gpcddt,GAPCdDt
35,icnCt,IUCN_Cat
36,dIcnCt,d_IUCN_Cat
37,icnctsrc,IUCNCtSrc
38,icnctdt,IUCNCtDt
39,dtEst,Date_Est
40,cmmnts,Comments
41,geometry,geometry
42,lyrNm,layer_name
43,lyrId,layer_id
44,lyrKy,layer_key
45,svcNm,svc_name
46,svcId,svc_id
47,lbl,label
48,ar,area
49,stbck,setback
50,exFrmBldbl,exclude_from_buildable
51,ftrWdth,feature_width
52,fd,fid
53,objctd0,objectid
54,ctgry0,category
55,dCtgry0,d_category
56,ownTyp0,own_type
57,dOwnTyp0,d_own_type
58,ownNm0,own_name
59,dOwnNm0,d_own_name
60,lcOwn0,loc_own
61,mngTyp0,mang_type
62,dMngTyp0,d_mang_type
63,mngNm0,mang_name
64,dMngNm0,d_mang_name
65,lcMng0,loc_mang
66,dsTp0,des_tp
67,dDsTp0,d_des_tp
68,lcDs0,loc_ds
69,untNm0,unit_nm
70,lcNm0,loc_nm
71,sttNm0,state_nm
72,dSttNm0,d_state_nm
73,aggSrc0,agg_src
74,gsSrc0,gis_src
75,srcDt0,src_date
76,gsAcrs0,gis_acres
77,srcPd0,source_paid
78,wdpCd0,wdpa_cd
79,pbAccss0,pub_access
80,dAccss0,d_access
81,accssSrc0,access_src
82,accssDt0,access_dt
83,gpSts0,gap_sts
84,dGpSts0,d_gap_sts
85,gpcdsrc0,gapcdsrc
86,gpcddt0,gapcddt
87,icnCt0,iucn_cat
88,dIcnCt0,d_iucn_cat
89,icnctsrc0,iucnctsrc
90,icnctdt0,iucnctdt
91,dtEst0,date_est
92,cmmnts0,comments
